drop database if exists sqldb;
create database sqldb;
use sqldb;
create table usertbl ( 	
	userID char(8) NOT NULL PRIMARY KEY,
	name varchar(10) NOT NULL, -- varchar는 가변형 char는 고정형
    birthYear INT NOT NULL,
    addr char(2) not null,
    mobile1 char(3),
    mobile2 char(8),
    height smallint,
    mDate DATE
);

create table buytbl (
	num int auto_increment not null primary key,
    userID char(8) not null,
    prodName char(6) not null,
    groupName char(4),
    price int not null,
    amount smallint not null,
    foreign key (userID) references usertbl(userID)
);

INSERT INTO usertbl VALUES('LSG', '이승기', 1987, '서울', '011', '1111111', 182, '2008-8-8');
INSERT INTO usertbl VALUES('KBS', '김범수', 1979, '경남', '011', '2222222', 173, '2012-4-4');
INSERT INTO usertbl VALUES('KKH', '김경호', 1971, '전남', '019', '3333333', 177, '2007-7-7');
INSERT INTO usertbl VALUES('JYP', '조용필', 1950, '경기', '011', '4444444', 166, '2009-4-4');
INSERT INTO usertbl VALUES('SSK', '성시경', 1979, '서울', NULL  , NULL      , 186, '2013-12-12');
INSERT INTO usertbl VALUES('LJB', '임재범', 1963, '서울', '016', '6666666', 182, '2009-9-9');
INSERT INTO usertbl VALUES('YJS', '윤종신', 1969, '경남', NULL  , NULL      , 170, '2005-5-5');
INSERT INTO usertbl VALUES('EJW', '은지원', 1972, '경북', '011', '8888888', 174, '2014-3-3');
INSERT INTO usertbl VALUES('JKW', '조관우', 1965, '경기', '018', '9999999', 172, '2010-10-10');
INSERT INTO usertbl VALUES('BBK', '바비킴', 1973, '서울', '010', '0000000', 176, '2013-5-5');
INSERT INTO buytbl VALUES(NULL, 'KBS', '운동화', NULL   , 30,   2);
INSERT INTO buytbl VALUES(NULL, 'KBS', '노트북', '전자', 1000, 1);
INSERT INTO buytbl VALUES(NULL, 'JYP', '모니터', '전자', 200,  1);
INSERT INTO buytbl VALUES(NULL, 'BBK', '모니터', '전자', 200,  5);
INSERT INTO buytbl VALUES(NULL, 'KBS', '청바지', '의류', 50,   3);
INSERT INTO buytbl VALUES(NULL, 'BBK', '메모리', '전자', 80,  10);
INSERT INTO buytbl VALUES(NULL, 'SSK', '책'    , '서적', 15,   5);
INSERT INTO buytbl VALUES(NULL, 'EJW', '책'    , '서적', 15,   2);
INSERT INTO buytbl VALUES(NULL, 'EJW', '청바지', '의류', 50,   1);
INSERT INTO buytbl VALUES(NULL, 'BBK', '운동화', NULL   , 30,   2);
INSERT INTO buytbl VALUES(NULL, 'EJW', '책'    , '서적', 15,   1);
INSERT INTO buytbl VALUES(NULL, 'BBK', '운동화', NULL   , 30,   2);

select * from usertbl;
select * from buytbl;

USE sqldb;
CREATE TABLE buytbl2 (SELECT * FROM buytbl);
SELECT * FROM buytbl2;

CREATE TABLE buytbl3 (SELECT userID, prodName FROM buytbl);
SELECT * FROM buytbl3;

USE sqldb;
CREATE TABLE testTbl1 (id  int, userName char(3), age int);
INSERT INTO testTbl1 VALUES (1, '홍길동', 25);
INSERT INTO testTbl1(id, userName) VALUES (2, '설현');
INSERT INTO testTbl1(userName, age, id) VALUES ('하니', 26,  3);
SELECT LAST_INSERT_ID(); 

